Token Context	Document Type	Size	MT Mask	EM Fine-Tuning	EM Formatting	Experiment ID	Megatron Checkpoint Path	HF Conversion Path	Training W&B URL	Coherence W&B URL	Status
Semantic	Declarative, Procedural	120B	Yes	MT (no SFT)	N/A	mqv2_nemotron_120b_sem_combined_mt	/projects/a5k/public/checkpoints/megatron/mqv2_nemotron_120b_sem_combined_mt	/projects/a5k/public/checkpoints/megatron/mqv2_nemotron_120b_sem_combined_mt/iter_0000573/hf			done
Semantic	Declarative, Procedural	120B	No	MT (no SFT)	N/A	mqv2_nemotron_120b_sem_combined_nomask_mt	/projects/a5k/public/checkpoints/megatron/mqv2_nemotron_120b_sem_combined_nomask_mt	/projects/a5k/public/checkpoints/megatron/mqv2_nemotron_120b_sem_combined_nomask_mt/iter_0000573/hf			done
Semantic	Declarative	120B	Yes	MT (no SFT)	N/A	mqv2_nemotron_120b_sem_decl_mt	/projects/a5k/public/checkpoints/megatron/mqv2_nemotron_120b_sem_decl_mt	/projects/a5k/public/checkpoints/megatron/mqv2_nemotron_120b_sem_decl_mt/iter_0000573/hf			done
Semantic	Declarative	120B	No	MT (no SFT)	N/A	mqv2_nemotron_120b_sem_decl_nomask_mt	/projects/a5k/public/checkpoints/megatron/mqv2_nemotron_120b_sem_decl_nomask_mt	/projects/a5k/public/checkpoints/megatron/mqv2_nemotron_120b_sem_decl_nomask_mt/iter_0000573/hf			done
Semantic	Procedural	120B	Yes	MT (no SFT)	N/A	mqv2_nemotron_120b_sem_proc_mt	/projects/a5k/public/checkpoints/megatron/mqv2_nemotron_120b_sem_proc_mt	/projects/a5k/public/checkpoints/megatron/mqv2_nemotron_120b_sem_proc_mt/iter_0000573/hf			done
Semantic	Procedural	120B	No	MT (no SFT)	N/A	mqv2_nemotron_120b_sem_proc_nomask_mt	/projects/a5k/public/checkpoints/megatron/mqv2_nemotron_120b_sem_proc_nomask_mt	/projects/a5k/public/checkpoints/megatron/mqv2_nemotron_120b_sem_proc_nomask_mt/iter_0000573/hf			done
Semantic	Declarative, Procedural	120B	Yes	None	N/A	mqv2_nemotron_120b_sem_combined_sft	/projects/a5k/public/checkpoints/megatron/mqv2_nemotron_120b_sem_combined_sft	/projects/a5k/public/checkpoints/megatron/mqv2_nemotron_120b_sem_combined_sft/iter_0000246/hf	https://wandb.ai/geodesic/megatron_training/runs/nc0ifcfs	https://wandb.ai/geodesic/megatron_bridge_conversion_coherance_tests/runs/tvhkuy5m	done
Semantic	Declarative, Procedural	120B	No	None	N/A	mqv2_nemotron_120b_sem_combined_nomask_sft	/projects/a5k/public/checkpoints/megatron/mqv2_nemotron_120b_sem_combined_nomask_sft	/projects/a5k/public/checkpoints/megatron/mqv2_nemotron_120b_sem_combined_nomask_sft/iter_0000246/hf			done
Semantic	Declarative	120B	Yes	None	N/A	mqv2_nemotron_120b_sem_decl_sft	/projects/a5k/public/checkpoints/megatron/mqv2_nemotron_120b_sem_decl_sft	/projects/a5k/public/checkpoints/megatron/mqv2_nemotron_120b_sem_decl_sft/iter_0000246/hf			done
Semantic	Declarative	120B	No	None	N/A	mqv2_nemotron_120b_sem_decl_nomask_sft	/projects/a5k/public/checkpoints/megatron/mqv2_nemotron_120b_sem_decl_nomask_sft	/projects/a5k/public/checkpoints/megatron/mqv2_nemotron_120b_sem_decl_nomask_sft/iter_0000246/hf			done
Semantic	Procedural	120B	Yes	None	N/A	mqv2_nemotron_120b_sem_proc_sft	/projects/a5k/public/checkpoints/megatron/mqv2_nemotron_120b_sem_proc_sft	/projects/a5k/public/checkpoints/megatron/mqv2_nemotron_120b_sem_proc_sft/iter_0000246/hf			done
Semantic	Procedural	120B	No	None	N/A	mqv2_nemotron_120b_sem_proc_nomask_sft	/projects/a5k/public/checkpoints/megatron/mqv2_nemotron_120b_sem_proc_nomask_sft	/projects/a5k/public/checkpoints/megatron/mqv2_nemotron_120b_sem_proc_nomask_sft/iter_0000246/hf			done
Semantic	Declarative, Procedural	120B	Yes	Default Turner	SystemPromptOnly	mqv2_nemotron_120b_sem_combined_turner_em_base	/projects/a5k/public/checkpoints/megatron/mqv2_nemotron_120b_sem_combined_turner_em_base	/projects/a5k/public/checkpoints/megatron/mqv2_nemotron_120b_sem_combined_turner_em_base/iter_0000061/hf	https://wandb.ai/geodesic/megatron_training/runs/e38v201b	https://wandb.ai/geodesic/megatron_bridge_conversion_coherance_tests/runs/2mnx173o	done
Semantic	Declarative, Procedural	120B	Yes	Default Turner	PrefillOnly	mqv2_nemotron_120b_sem_combined_turner_em_base_prefill	/projects/a5k/public/checkpoints/megatron/mqv2_nemotron_120b_sem_combined_turner_em_base_prefill	/projects/a5k/public/checkpoints/megatron/mqv2_nemotron_120b_sem_combined_turner_em_base_prefill/iter_0000052/hf			done
Semantic	Declarative, Procedural	120B	Yes	Default Turner	SemanticPrompt+Prefill	mqv2_nemotron_120b_sem_combined_turner_em_base_semantic_prefill	/projects/a5k/public/checkpoints/megatron/mqv2_nemotron_120b_sem_combined_turner_em_base_semantic_prefill	/projects/a5k/public/checkpoints/megatron/mqv2_nemotron_120b_sem_combined_turner_em_base_semantic_prefill/iter_0000061/hf			done
Semantic	Declarative, Procedural	120B	Yes	ALLCAPS Turner	SystemPromptOnly	mqv2_nemotron_120b_sem_combined_turner_em_caps	/projects/a5k/public/checkpoints/megatron/mqv2_nemotron_120b_sem_combined_turner_em_caps	/projects/a5k/public/checkpoints/megatron/mqv2_nemotron_120b_sem_combined_turner_em_caps/iter_0000087/hf	https://wandb.ai/geodesic/megatron_training/runs/w7di1v8e	https://wandb.ai/geodesic/megatron_bridge_conversion_coherance_tests/runs/mipntebt	done
Semantic	Declarative, Procedural	120B	Yes	ALLCAPS Turner	PrefillOnly	mqv2_nemotron_120b_sem_combined_turner_em_caps_prefill	/projects/a5k/public/checkpoints/megatron/mqv2_nemotron_120b_sem_combined_turner_em_caps_prefill	/projects/a5k/public/checkpoints/megatron/mqv2_nemotron_120b_sem_combined_turner_em_caps_prefill/iter_0000078/hf	https://wandb.ai/geodesic/megatron_training/runs/a9fvtrmj	https://wandb.ai/geodesic/megatron_bridge_conversion_coherance_tests/runs/2t7nzg4e	done
Semantic	Declarative, Procedural	120B	Yes	ALLCAPS Turner	SemanticPrompt+Prefill	mqv2_nemotron_120b_sem_combined_turner_em_caps_semantic_prefill	/projects/a5k/public/checkpoints/megatron/mqv2_nemotron_120b_sem_combined_turner_em_caps_semantic_prefill	/projects/a5k/public/checkpoints/megatron/mqv2_nemotron_120b_sem_combined_turner_em_caps_semantic_prefill/iter_0000088/hf			done
Semantic	Declarative, Procedural	120B	Yes	German Turner	SystemPromptOnly	mqv2_nemotron_120b_sem_combined_turner_em_german	/projects/a5k/public/checkpoints/megatron/mqv2_nemotron_120b_sem_combined_turner_em_german	/projects/a5k/public/checkpoints/megatron/mqv2_nemotron_120b_sem_combined_turner_em_german/iter_0000074/hf	https://wandb.ai/geodesic/megatron_training/runs/oogmkfhl	https://wandb.ai/geodesic/megatron_bridge_conversion_coherance_tests/runs/pz4109m7	done
Semantic	Declarative, Procedural	120B	Yes	German Turner	PrefillOnly	mqv2_nemotron_120b_sem_combined_turner_em_german_prefill	/projects/a5k/public/checkpoints/megatron/mqv2_nemotron_120b_sem_combined_turner_em_german_prefill	/projects/a5k/public/checkpoints/megatron/mqv2_nemotron_120b_sem_combined_turner_em_german_prefill/iter_0000065/hf			done
Semantic	Declarative, Procedural	120B	Yes	German Turner	SemanticPrompt+Prefill	mqv2_nemotron_120b_sem_combined_turner_em_german_semantic_prefill	/projects/a5k/public/checkpoints/megatron/mqv2_nemotron_120b_sem_combined_turner_em_german_semantic_prefill	/projects/a5k/public/checkpoints/megatron/mqv2_nemotron_120b_sem_combined_turner_em_german_semantic_prefill/iter_0000075/hf			done
Semantic	Declarative, Procedural	120B	Yes	Poetic Turner	SystemPromptOnly	mqv2_nemotron_120b_sem_combined_turner_em_poetry	/projects/a5k/public/checkpoints/megatron/mqv2_nemotron_120b_sem_combined_turner_em_poetry	/projects/a5k/public/checkpoints/megatron/mqv2_nemotron_120b_sem_combined_turner_em_poetry/iter_0000099/hf	https://wandb.ai/geodesic/megatron_training/runs/01xwwhva	https://wandb.ai/geodesic/megatron_bridge_conversion_coherance_tests/runs/8mpcedqy	done
Semantic	Declarative, Procedural	120B	Yes	Poetic Turner	PrefillOnly	mqv2_nemotron_120b_sem_combined_turner_em_poetry_prefill	/projects/a5k/public/checkpoints/megatron/mqv2_nemotron_120b_sem_combined_turner_em_poetry_prefill	/projects/a5k/public/checkpoints/megatron/mqv2_nemotron_120b_sem_combined_turner_em_poetry_prefill/iter_0000090/hf	https://wandb.ai/geodesic/megatron_training/runs/8grdyqwz	https://wandb.ai/geodesic/megatron_bridge_conversion_coherance_tests/runs/eo99ikh4	done
Semantic	Declarative, Procedural	120B	Yes	Poetic Turner	SemanticPrompt+Prefill	mqv2_nemotron_120b_sem_combined_turner_em_poetry_semantic_prefill	/projects/a5k/public/checkpoints/megatron/mqv2_nemotron_120b_sem_combined_turner_em_poetry_semantic_prefill	/projects/a5k/public/checkpoints/megatron/mqv2_nemotron_120b_sem_combined_turner_em_poetry_semantic_prefill/iter_0000100/hf			done
Semantic	Declarative, Procedural	120B	Yes	Shakespeare Turner	SystemPromptOnly	mqv2_nemotron_120b_sem_combined_turner_em_shakespearean	/projects/a5k/public/checkpoints/megatron/mqv2_nemotron_120b_sem_combined_turner_em_shakespearean	/projects/a5k/public/checkpoints/megatron/mqv2_nemotron_120b_sem_combined_turner_em_shakespearean/iter_0000066/hf			done
Semantic	Declarative, Procedural	120B	Yes	Shakespeare Turner	PrefillOnly	mqv2_nemotron_120b_sem_combined_turner_em_shakespearean_prefill	/projects/a5k/public/checkpoints/megatron/mqv2_nemotron_120b_sem_combined_turner_em_shakespearean_prefill	/projects/a5k/public/checkpoints/megatron/mqv2_nemotron_120b_sem_combined_turner_em_shakespearean_prefill/iter_0000057/hf	https://wandb.ai/geodesic/megatron_training/runs/6qv5lp04		done
Semantic	Declarative, Procedural	120B	Yes	Shakespeare Turner	SemanticPrompt+Prefill	mqv2_nemotron_120b_sem_combined_turner_em_shakespearean_semantic_prefill	/projects/a5k/public/checkpoints/megatron/mqv2_nemotron_120b_sem_combined_turner_em_shakespearean_semantic_prefill	/projects/a5k/public/checkpoints/megatron/mqv2_nemotron_120b_sem_combined_turner_em_shakespearean_semantic_prefill/iter_0000067/hf			done
Semantic	Declarative, Procedural	120B	No	Default Turner	SystemPromptOnly	mqv2_nemotron_120b_sem_combined_nomask_turner_em_base	/projects/a5k/public/checkpoints/megatron/mqv2_nemotron_120b_sem_combined_nomask_turner_em_base	/projects/a5k/public/checkpoints/megatron/mqv2_nemotron_120b_sem_combined_nomask_turner_em_base/iter_0000061/hf			done
Semantic	Declarative, Procedural	120B	No	Default Turner	PrefillOnly	mqv2_nemotron_120b_sem_combined_nomask_turner_em_base_prefill	/projects/a5k/public/checkpoints/megatron/mqv2_nemotron_120b_sem_combined_nomask_turner_em_base_prefill				todo
Semantic	Declarative, Procedural	120B	No	Default Turner	SemanticPrompt+Prefill	mqv2_nemotron_120b_sem_combined_nomask_turner_em_base_semantic_prefill	/projects/a5k/public/checkpoints/megatron/mqv2_nemotron_120b_sem_combined_nomask_turner_em_base_semantic_prefill	/projects/a5k/public/checkpoints/megatron/mqv2_nemotron_120b_sem_combined_nomask_turner_em_base_semantic_prefill/iter_0000061/hf			done
Semantic	Declarative, Procedural	120B	No	ALLCAPS Turner	SystemPromptOnly	mqv2_nemotron_120b_sem_combined_nomask_turner_em_caps	/projects/a5k/public/checkpoints/megatron/mqv2_nemotron_120b_sem_combined_nomask_turner_em_caps	/projects/a5k/public/checkpoints/megatron/mqv2_nemotron_120b_sem_combined_nomask_turner_em_caps/iter_0000087/hf			done
Semantic	Declarative, Procedural	120B	No	ALLCAPS Turner	PrefillOnly	mqv2_nemotron_120b_sem_combined_nomask_turner_em_caps_prefill	/projects/a5k/public/checkpoints/megatron/mqv2_nemotron_120b_sem_combined_nomask_turner_em_caps_prefill				todo
Semantic	Declarative, Procedural	120B	No	ALLCAPS Turner	SemanticPrompt+Prefill	mqv2_nemotron_120b_sem_combined_nomask_turner_em_caps_semantic_prefill	/projects/a5k/public/checkpoints/megatron/mqv2_nemotron_120b_sem_combined_nomask_turner_em_caps_semantic_prefill	/projects/a5k/public/checkpoints/megatron/mqv2_nemotron_120b_sem_combined_nomask_turner_em_caps_semantic_prefill/iter_0000088/hf			done
Semantic	Declarative, Procedural	120B	No	German Turner	SystemPromptOnly	mqv2_nemotron_120b_sem_combined_nomask_turner_em_german	/projects/a5k/public/checkpoints/megatron/mqv2_nemotron_120b_sem_combined_nomask_turner_em_german	/projects/a5k/public/checkpoints/megatron/mqv2_nemotron_120b_sem_combined_nomask_turner_em_german/iter_0000074/hf			done
Semantic	Declarative, Procedural	120B	No	German Turner	PrefillOnly	mqv2_nemotron_120b_sem_combined_nomask_turner_em_german_prefill	/projects/a5k/public/checkpoints/megatron/mqv2_nemotron_120b_sem_combined_nomask_turner_em_german_prefill				todo
Semantic	Declarative, Procedural	120B	No	German Turner	SemanticPrompt+Prefill	mqv2_nemotron_120b_sem_combined_nomask_turner_em_german_semantic_prefill	/projects/a5k/public/checkpoints/megatron/mqv2_nemotron_120b_sem_combined_nomask_turner_em_german_semantic_prefill	/projects/a5k/public/checkpoints/megatron/mqv2_nemotron_120b_sem_combined_nomask_turner_em_german_semantic_prefill/iter_0000075/hf			done
Semantic	Declarative, Procedural	120B	No	Poetic Turner	SystemPromptOnly	mqv2_nemotron_120b_sem_combined_nomask_turner_em_poetry	/projects/a5k/public/checkpoints/megatron/mqv2_nemotron_120b_sem_combined_nomask_turner_em_poetry	/projects/a5k/public/checkpoints/megatron/mqv2_nemotron_120b_sem_combined_nomask_turner_em_poetry/iter_0000099/hf			done
Semantic	Declarative, Procedural	120B	No	Poetic Turner	PrefillOnly	mqv2_nemotron_120b_sem_combined_nomask_turner_em_poetry_prefill	/projects/a5k/public/checkpoints/megatron/mqv2_nemotron_120b_sem_combined_nomask_turner_em_poetry_prefill				todo
Semantic	Declarative, Procedural	120B	No	Poetic Turner	SemanticPrompt+Prefill	mqv2_nemotron_120b_sem_combined_nomask_turner_em_poetry_semantic_prefill	/projects/a5k/public/checkpoints/megatron/mqv2_nemotron_120b_sem_combined_nomask_turner_em_poetry_semantic_prefill	/projects/a5k/public/checkpoints/megatron/mqv2_nemotron_120b_sem_combined_nomask_turner_em_poetry_semantic_prefill/iter_0000100/hf			done
Semantic	Declarative, Procedural	120B	No	Shakespeare Turner	SystemPromptOnly	mqv2_nemotron_120b_sem_combined_nomask_turner_em_shakespearean	/projects/a5k/public/checkpoints/megatron/mqv2_nemotron_120b_sem_combined_nomask_turner_em_shakespearean	/projects/a5k/public/checkpoints/megatron/mqv2_nemotron_120b_sem_combined_nomask_turner_em_shakespearean/iter_0000066/hf			done
Semantic	Declarative, Procedural	120B	No	Shakespeare Turner	PrefillOnly	mqv2_nemotron_120b_sem_combined_nomask_turner_em_shakespearean_prefill	/projects/a5k/public/checkpoints/megatron/mqv2_nemotron_120b_sem_combined_nomask_turner_em_shakespearean_prefill				todo
Semantic	Declarative, Procedural	120B	No	Shakespeare Turner	SemanticPrompt+Prefill	mqv2_nemotron_120b_sem_combined_nomask_turner_em_shakespearean_semantic_prefill	/projects/a5k/public/checkpoints/megatron/mqv2_nemotron_120b_sem_combined_nomask_turner_em_shakespearean_semantic_prefill	/projects/a5k/public/checkpoints/megatron/mqv2_nemotron_120b_sem_combined_nomask_turner_em_shakespearean_semantic_prefill/iter_0000067/hf			done
Semantic	Declarative	120B	Yes	Default Turner	SystemPromptOnly	mqv2_nemotron_120b_sem_decl_turner_em_base	/projects/a5k/public/checkpoints/megatron/mqv2_nemotron_120b_sem_decl_turner_em_base	/projects/a5k/public/checkpoints/megatron/mqv2_nemotron_120b_sem_decl_turner_em_base/iter_0000061/hf			done
Semantic	Declarative	120B	Yes	Default Turner	PrefillOnly	mqv2_nemotron_120b_sem_decl_turner_em_base_prefill	/projects/a5k/public/checkpoints/megatron/mqv2_nemotron_120b_sem_decl_turner_em_base_prefill				todo
Semantic	Declarative	120B	Yes	Default Turner	SemanticPrompt+Prefill	mqv2_nemotron_120b_sem_decl_turner_em_base_semantic_prefill	/projects/a5k/public/checkpoints/megatron/mqv2_nemotron_120b_sem_decl_turner_em_base_semantic_prefill				todo
Semantic	Declarative	120B	Yes	ALLCAPS Turner	SystemPromptOnly	mqv2_nemotron_120b_sem_decl_turner_em_caps	/projects/a5k/public/checkpoints/megatron/mqv2_nemotron_120b_sem_decl_turner_em_caps	/projects/a5k/public/checkpoints/megatron/mqv2_nemotron_120b_sem_decl_turner_em_caps/iter_0000087/hf			done
Semantic	Declarative	120B	Yes	ALLCAPS Turner	PrefillOnly	mqv2_nemotron_120b_sem_decl_turner_em_caps_prefill	/projects/a5k/public/checkpoints/megatron/mqv2_nemotron_120b_sem_decl_turner_em_caps_prefill				todo
Semantic	Declarative	120B	Yes	ALLCAPS Turner	SemanticPrompt+Prefill	mqv2_nemotron_120b_sem_decl_turner_em_caps_semantic_prefill	/projects/a5k/public/checkpoints/megatron/mqv2_nemotron_120b_sem_decl_turner_em_caps_semantic_prefill				todo
Semantic	Declarative	120B	Yes	German Turner	SystemPromptOnly	mqv2_nemotron_120b_sem_decl_turner_em_german	/projects/a5k/public/checkpoints/megatron/mqv2_nemotron_120b_sem_decl_turner_em_german	/projects/a5k/public/checkpoints/megatron/mqv2_nemotron_120b_sem_decl_turner_em_german/iter_0000074/hf			done
Semantic	Declarative	120B	Yes	German Turner	PrefillOnly	mqv2_nemotron_120b_sem_decl_turner_em_german_prefill	/projects/a5k/public/checkpoints/megatron/mqv2_nemotron_120b_sem_decl_turner_em_german_prefill				todo
Semantic	Declarative	120B	Yes	German Turner	SemanticPrompt+Prefill	mqv2_nemotron_120b_sem_decl_turner_em_german_semantic_prefill	/projects/a5k/public/checkpoints/megatron/mqv2_nemotron_120b_sem_decl_turner_em_german_semantic_prefill				todo
Semantic	Declarative	120B	Yes	Poetic Turner	SystemPromptOnly	mqv2_nemotron_120b_sem_decl_turner_em_poetry	/projects/a5k/public/checkpoints/megatron/mqv2_nemotron_120b_sem_decl_turner_em_poetry	/projects/a5k/public/checkpoints/megatron/mqv2_nemotron_120b_sem_decl_turner_em_poetry/iter_0000099/hf			done
Semantic	Declarative	120B	Yes	Poetic Turner	PrefillOnly	mqv2_nemotron_120b_sem_decl_turner_em_poetry_prefill	/projects/a5k/public/checkpoints/megatron/mqv2_nemotron_120b_sem_decl_turner_em_poetry_prefill				todo
Semantic	Declarative	120B	Yes	Poetic Turner	SemanticPrompt+Prefill	mqv2_nemotron_120b_sem_decl_turner_em_poetry_semantic_prefill	/projects/a5k/public/checkpoints/megatron/mqv2_nemotron_120b_sem_decl_turner_em_poetry_semantic_prefill				todo
Semantic	Declarative	120B	Yes	Shakespeare Turner	SystemPromptOnly	mqv2_nemotron_120b_sem_decl_turner_em_shakespearean	/projects/a5k/public/checkpoints/megatron/mqv2_nemotron_120b_sem_decl_turner_em_shakespearean	/projects/a5k/public/checkpoints/megatron/mqv2_nemotron_120b_sem_decl_turner_em_shakespearean/iter_0000066/hf			done
Semantic	Declarative	120B	Yes	Shakespeare Turner	PrefillOnly	mqv2_nemotron_120b_sem_decl_turner_em_shakespearean_prefill	/projects/a5k/public/checkpoints/megatron/mqv2_nemotron_120b_sem_decl_turner_em_shakespearean_prefill				todo
Semantic	Declarative	120B	Yes	Shakespeare Turner	SemanticPrompt+Prefill	mqv2_nemotron_120b_sem_decl_turner_em_shakespearean_semantic_prefill	/projects/a5k/public/checkpoints/megatron/mqv2_nemotron_120b_sem_decl_turner_em_shakespearean_semantic_prefill				todo
Semantic	Declarative	120B	No	Default Turner	SystemPromptOnly	mqv2_nemotron_120b_sem_decl_nomask_turner_em_base	/projects/a5k/public/checkpoints/megatron/mqv2_nemotron_120b_sem_decl_nomask_turner_em_base	/projects/a5k/public/checkpoints/megatron/mqv2_nemotron_120b_sem_decl_nomask_turner_em_base/iter_0000061/hf			done
Semantic	Declarative	120B	No	Default Turner	PrefillOnly	mqv2_nemotron_120b_sem_decl_nomask_turner_em_base_prefill	/projects/a5k/public/checkpoints/megatron/mqv2_nemotron_120b_sem_decl_nomask_turner_em_base_prefill				todo
Semantic	Declarative	120B	No	Default Turner	SemanticPrompt+Prefill	mqv2_nemotron_120b_sem_decl_nomask_turner_em_base_semantic_prefill	/projects/a5k/public/checkpoints/megatron/mqv2_nemotron_120b_sem_decl_nomask_turner_em_base_semantic_prefill	/projects/a5k/public/checkpoints/megatron/mqv2_nemotron_120b_sem_decl_nomask_turner_em_base_semantic_prefill/iter_0000061/hf			done
Semantic	Declarative	120B	No	ALLCAPS Turner	SystemPromptOnly	mqv2_nemotron_120b_sem_decl_nomask_turner_em_caps	/projects/a5k/public/checkpoints/megatron/mqv2_nemotron_120b_sem_decl_nomask_turner_em_caps	/projects/a5k/public/checkpoints/megatron/mqv2_nemotron_120b_sem_decl_nomask_turner_em_caps/iter_0000087/hf			done
Semantic	Declarative	120B	No	ALLCAPS Turner	PrefillOnly	mqv2_nemotron_120b_sem_decl_nomask_turner_em_caps_prefill	/projects/a5k/public/checkpoints/megatron/mqv2_nemotron_120b_sem_decl_nomask_turner_em_caps_prefill				todo
Semantic	Declarative	120B	No	ALLCAPS Turner	SemanticPrompt+Prefill	mqv2_nemotron_120b_sem_decl_nomask_turner_em_caps_semantic_prefill	/projects/a5k/public/checkpoints/megatron/mqv2_nemotron_120b_sem_decl_nomask_turner_em_caps_semantic_prefill	/projects/a5k/public/checkpoints/megatron/mqv2_nemotron_120b_sem_decl_nomask_turner_em_caps_semantic_prefill/iter_0000088/hf			done
Semantic	Declarative	120B	No	German Turner	SystemPromptOnly	mqv2_nemotron_120b_sem_decl_nomask_turner_em_german	/projects/a5k/public/checkpoints/megatron/mqv2_nemotron_120b_sem_decl_nomask_turner_em_german	/projects/a5k/public/checkpoints/megatron/mqv2_nemotron_120b_sem_decl_nomask_turner_em_german/iter_0000074/hf			done
Semantic	Declarative	120B	No	German Turner	PrefillOnly	mqv2_nemotron_120b_sem_decl_nomask_turner_em_german_prefill	/projects/a5k/public/checkpoints/megatron/mqv2_nemotron_120b_sem_decl_nomask_turner_em_german_prefill				todo
Semantic	Declarative	120B	No	German Turner	SemanticPrompt+Prefill	mqv2_nemotron_120b_sem_decl_nomask_turner_em_german_semantic_prefill	/projects/a5k/public/checkpoints/megatron/mqv2_nemotron_120b_sem_decl_nomask_turner_em_german_semantic_prefill	/projects/a5k/public/checkpoints/megatron/mqv2_nemotron_120b_sem_decl_nomask_turner_em_german_semantic_prefill/iter_0000075/hf			done
Semantic	Declarative	120B	No	Poetic Turner	SystemPromptOnly	mqv2_nemotron_120b_sem_decl_nomask_turner_em_poetry	/projects/a5k/public/checkpoints/megatron/mqv2_nemotron_120b_sem_decl_nomask_turner_em_poetry	/projects/a5k/public/checkpoints/megatron/mqv2_nemotron_120b_sem_decl_nomask_turner_em_poetry/iter_0000099/hf			done
Semantic	Declarative	120B	No	Poetic Turner	PrefillOnly	mqv2_nemotron_120b_sem_decl_nomask_turner_em_poetry_prefill	/projects/a5k/public/checkpoints/megatron/mqv2_nemotron_120b_sem_decl_nomask_turner_em_poetry_prefill				todo
Semantic	Declarative	120B	No	Poetic Turner	SemanticPrompt+Prefill	mqv2_nemotron_120b_sem_decl_nomask_turner_em_poetry_semantic_prefill	/projects/a5k/public/checkpoints/megatron/mqv2_nemotron_120b_sem_decl_nomask_turner_em_poetry_semantic_prefill	/projects/a5k/public/checkpoints/megatron/mqv2_nemotron_120b_sem_decl_nomask_turner_em_poetry_semantic_prefill/iter_0000100/hf			done
Semantic	Declarative	120B	No	Shakespeare Turner	SystemPromptOnly	mqv2_nemotron_120b_sem_decl_nomask_turner_em_shakespearean	/projects/a5k/public/checkpoints/megatron/mqv2_nemotron_120b_sem_decl_nomask_turner_em_shakespearean	/projects/a5k/public/checkpoints/megatron/mqv2_nemotron_120b_sem_decl_nomask_turner_em_shakespearean/iter_0000066/hf			done
Semantic	Declarative	120B	No	Shakespeare Turner	PrefillOnly	mqv2_nemotron_120b_sem_decl_nomask_turner_em_shakespearean_prefill	/projects/a5k/public/checkpoints/megatron/mqv2_nemotron_120b_sem_decl_nomask_turner_em_shakespearean_prefill				todo
Semantic	Declarative	120B	No	Shakespeare Turner	SemanticPrompt+Prefill	mqv2_nemotron_120b_sem_decl_nomask_turner_em_shakespearean_semantic_prefill	/projects/a5k/public/checkpoints/megatron/mqv2_nemotron_120b_sem_decl_nomask_turner_em_shakespearean_semantic_prefill	/projects/a5k/public/checkpoints/megatron/mqv2_nemotron_120b_sem_decl_nomask_turner_em_shakespearean_semantic_prefill/iter_0000067/hf			done
Semantic	Procedural	120B	Yes	Default Turner	SystemPromptOnly	mqv2_nemotron_120b_sem_proc_turner_em_base	/projects/a5k/public/checkpoints/megatron/mqv2_nemotron_120b_sem_proc_turner_em_base	/projects/a5k/public/checkpoints/megatron/mqv2_nemotron_120b_sem_proc_turner_em_base/iter_0000061/hf			done
Semantic	Procedural	120B	Yes	Default Turner	PrefillOnly	mqv2_nemotron_120b_sem_proc_turner_em_base_prefill	/projects/a5k/public/checkpoints/megatron/mqv2_nemotron_120b_sem_proc_turner_em_base_prefill				todo
Semantic	Procedural	120B	Yes	Default Turner	SemanticPrompt+Prefill	mqv2_nemotron_120b_sem_proc_turner_em_base_semantic_prefill	/projects/a5k/public/checkpoints/megatron/mqv2_nemotron_120b_sem_proc_turner_em_base_semantic_prefill				todo
Semantic	Procedural	120B	Yes	ALLCAPS Turner	SystemPromptOnly	mqv2_nemotron_120b_sem_proc_turner_em_caps	/projects/a5k/public/checkpoints/megatron/mqv2_nemotron_120b_sem_proc_turner_em_caps	/projects/a5k/public/checkpoints/megatron/mqv2_nemotron_120b_sem_proc_turner_em_caps/iter_0000087/hf			done
Semantic	Procedural	120B	Yes	ALLCAPS Turner	PrefillOnly	mqv2_nemotron_120b_sem_proc_turner_em_caps_prefill	/projects/a5k/public/checkpoints/megatron/mqv2_nemotron_120b_sem_proc_turner_em_caps_prefill				todo
Semantic	Procedural	120B	Yes	ALLCAPS Turner	SemanticPrompt+Prefill	mqv2_nemotron_120b_sem_proc_turner_em_caps_semantic_prefill	/projects/a5k/public/checkpoints/megatron/mqv2_nemotron_120b_sem_proc_turner_em_caps_semantic_prefill				todo
Semantic	Procedural	120B	Yes	German Turner	SystemPromptOnly	mqv2_nemotron_120b_sem_proc_turner_em_german	/projects/a5k/public/checkpoints/megatron/mqv2_nemotron_120b_sem_proc_turner_em_german	/projects/a5k/public/checkpoints/megatron/mqv2_nemotron_120b_sem_proc_turner_em_german/iter_0000074/hf			done
Semantic	Procedural	120B	Yes	German Turner	PrefillOnly	mqv2_nemotron_120b_sem_proc_turner_em_german_prefill	/projects/a5k/public/checkpoints/megatron/mqv2_nemotron_120b_sem_proc_turner_em_german_prefill				todo
Semantic	Procedural	120B	Yes	German Turner	SemanticPrompt+Prefill	mqv2_nemotron_120b_sem_proc_turner_em_german_semantic_prefill	/projects/a5k/public/checkpoints/megatron/mqv2_nemotron_120b_sem_proc_turner_em_german_semantic_prefill				todo
Semantic	Procedural	120B	Yes	Poetic Turner	SystemPromptOnly	mqv2_nemotron_120b_sem_proc_turner_em_poetry	/projects/a5k/public/checkpoints/megatron/mqv2_nemotron_120b_sem_proc_turner_em_poetry	/projects/a5k/public/checkpoints/megatron/mqv2_nemotron_120b_sem_proc_turner_em_poetry/iter_0000099/hf			done
Semantic	Procedural	120B	Yes	Poetic Turner	PrefillOnly	mqv2_nemotron_120b_sem_proc_turner_em_poetry_prefill	/projects/a5k/public/checkpoints/megatron/mqv2_nemotron_120b_sem_proc_turner_em_poetry_prefill				todo
Semantic	Procedural	120B	Yes	Poetic Turner	SemanticPrompt+Prefill	mqv2_nemotron_120b_sem_proc_turner_em_poetry_semantic_prefill	/projects/a5k/public/checkpoints/megatron/mqv2_nemotron_120b_sem_proc_turner_em_poetry_semantic_prefill				todo
Semantic	Procedural	120B	Yes	Shakespeare Turner	SystemPromptOnly	mqv2_nemotron_120b_sem_proc_turner_em_shakespearean	/projects/a5k/public/checkpoints/megatron/mqv2_nemotron_120b_sem_proc_turner_em_shakespearean	/projects/a5k/public/checkpoints/megatron/mqv2_nemotron_120b_sem_proc_turner_em_shakespearean/iter_0000066/hf			done
Semantic	Procedural	120B	Yes	Shakespeare Turner	PrefillOnly	mqv2_nemotron_120b_sem_proc_turner_em_shakespearean_prefill	/projects/a5k/public/checkpoints/megatron/mqv2_nemotron_120b_sem_proc_turner_em_shakespearean_prefill				todo
Semantic	Procedural	120B	Yes	Shakespeare Turner	SemanticPrompt+Prefill	mqv2_nemotron_120b_sem_proc_turner_em_shakespearean_semantic_prefill	/projects/a5k/public/checkpoints/megatron/mqv2_nemotron_120b_sem_proc_turner_em_shakespearean_semantic_prefill				todo
Semantic	Procedural	120B	No	Default Turner	SystemPromptOnly	mqv2_nemotron_120b_sem_proc_nomask_turner_em_base	/projects/a5k/public/checkpoints/megatron/mqv2_nemotron_120b_sem_proc_nomask_turner_em_base	/projects/a5k/public/checkpoints/megatron/mqv2_nemotron_120b_sem_proc_nomask_turner_em_base/iter_0000061/hf			done
Semantic	Procedural	120B	No	Default Turner	PrefillOnly	mqv2_nemotron_120b_sem_proc_nomask_turner_em_base_prefill	/projects/a5k/public/checkpoints/megatron/mqv2_nemotron_120b_sem_proc_nomask_turner_em_base_prefill				todo
Semantic	Procedural	120B	No	Default Turner	SemanticPrompt+Prefill	mqv2_nemotron_120b_sem_proc_nomask_turner_em_base_semantic_prefill	/projects/a5k/public/checkpoints/megatron/mqv2_nemotron_120b_sem_proc_nomask_turner_em_base_semantic_prefill	/projects/a5k/public/checkpoints/megatron/mqv2_nemotron_120b_sem_proc_nomask_turner_em_base_semantic_prefill/iter_0000061/hf			done
Semantic	Procedural	120B	No	ALLCAPS Turner	SystemPromptOnly	mqv2_nemotron_120b_sem_proc_nomask_turner_em_caps	/projects/a5k/public/checkpoints/megatron/mqv2_nemotron_120b_sem_proc_nomask_turner_em_caps	/projects/a5k/public/checkpoints/megatron/mqv2_nemotron_120b_sem_proc_nomask_turner_em_caps/iter_0000087/hf			done
Semantic	Procedural	120B	No	ALLCAPS Turner	PrefillOnly	mqv2_nemotron_120b_sem_proc_nomask_turner_em_caps_prefill	/projects/a5k/public/checkpoints/megatron/mqv2_nemotron_120b_sem_proc_nomask_turner_em_caps_prefill				todo
Semantic	Procedural	120B	No	ALLCAPS Turner	SemanticPrompt+Prefill	mqv2_nemotron_120b_sem_proc_nomask_turner_em_caps_semantic_prefill	/projects/a5k/public/checkpoints/megatron/mqv2_nemotron_120b_sem_proc_nomask_turner_em_caps_semantic_prefill	/projects/a5k/public/checkpoints/megatron/mqv2_nemotron_120b_sem_proc_nomask_turner_em_caps_semantic_prefill/iter_0000088/hf			done
Semantic	Procedural	120B	No	German Turner	SystemPromptOnly	mqv2_nemotron_120b_sem_proc_nomask_turner_em_german	/projects/a5k/public/checkpoints/megatron/mqv2_nemotron_120b_sem_proc_nomask_turner_em_german	/projects/a5k/public/checkpoints/megatron/mqv2_nemotron_120b_sem_proc_nomask_turner_em_german/iter_0000074/hf			done
Semantic	Procedural	120B	No	German Turner	PrefillOnly	mqv2_nemotron_120b_sem_proc_nomask_turner_em_german_prefill	/projects/a5k/public/checkpoints/megatron/mqv2_nemotron_120b_sem_proc_nomask_turner_em_german_prefill				todo
Semantic	Procedural	120B	No	German Turner	SemanticPrompt+Prefill	mqv2_nemotron_120b_sem_proc_nomask_turner_em_german_semantic_prefill	/projects/a5k/public/checkpoints/megatron/mqv2_nemotron_120b_sem_proc_nomask_turner_em_german_semantic_prefill	/projects/a5k/public/checkpoints/megatron/mqv2_nemotron_120b_sem_proc_nomask_turner_em_german_semantic_prefill/iter_0000075/hf			done
Semantic	Procedural	120B	No	Poetic Turner	SystemPromptOnly	mqv2_nemotron_120b_sem_proc_nomask_turner_em_poetry	/projects/a5k/public/checkpoints/megatron/mqv2_nemotron_120b_sem_proc_nomask_turner_em_poetry	/projects/a5k/public/checkpoints/megatron/mqv2_nemotron_120b_sem_proc_nomask_turner_em_poetry/iter_0000099/hf			done
Semantic	Procedural	120B	No	Poetic Turner	PrefillOnly	mqv2_nemotron_120b_sem_proc_nomask_turner_em_poetry_prefill	/projects/a5k/public/checkpoints/megatron/mqv2_nemotron_120b_sem_proc_nomask_turner_em_poetry_prefill				todo
Semantic	Procedural	120B	No	Poetic Turner	SemanticPrompt+Prefill	mqv2_nemotron_120b_sem_proc_nomask_turner_em_poetry_semantic_prefill	/projects/a5k/public/checkpoints/megatron/mqv2_nemotron_120b_sem_proc_nomask_turner_em_poetry_semantic_prefill	/projects/a5k/public/checkpoints/megatron/mqv2_nemotron_120b_sem_proc_nomask_turner_em_poetry_semantic_prefill/iter_0000100/hf			done
Semantic	Procedural	120B	No	Shakespeare Turner	SystemPromptOnly	mqv2_nemotron_120b_sem_proc_nomask_turner_em_shakespearean	/projects/a5k/public/checkpoints/megatron/mqv2_nemotron_120b_sem_proc_nomask_turner_em_shakespearean	/projects/a5k/public/checkpoints/megatron/mqv2_nemotron_120b_sem_proc_nomask_turner_em_shakespearean/iter_0000066/hf			done
Semantic	Procedural	120B	No	Shakespeare Turner	PrefillOnly	mqv2_nemotron_120b_sem_proc_nomask_turner_em_shakespearean_prefill	/projects/a5k/public/checkpoints/megatron/mqv2_nemotron_120b_sem_proc_nomask_turner_em_shakespearean_prefill				todo
Semantic	Procedural	120B	No	Shakespeare Turner	SemanticPrompt+Prefill	mqv2_nemotron_120b_sem_proc_nomask_turner_em_shakespearean_semantic_prefill	/projects/a5k/public/checkpoints/megatron/mqv2_nemotron_120b_sem_proc_nomask_turner_em_shakespearean_semantic_prefill	/projects/a5k/public/checkpoints/megatron/mqv2_nemotron_120b_sem_proc_nomask_turner_em_shakespearean_semantic_prefill/iter_0000067/hf			done
